{
  "baseline_results": {
    "Baseline": {
      "dog": {
        "a photo of a hammer": 0.1383056640625,
        "a photo of a screwdriver": 0.000797271728515625,
        "a photo of a tool": 0.86083984375
      },
      "cat": {
        "a photo of a hammer": 0.10540771484375,
        "a photo of a screwdriver": 0.07830810546875,
        "a photo of a tool": 0.81640625
      },
      "screwdriver": {
        "a photo of a hammer": 0.08319091796875,
        "a photo of a screwdriver": 0.390869140625,
        "a photo of a tool": 0.52587890625
      },
      "banana": {
        "a photo of a hammer": 0.090576171875,
        "a photo of a screwdriver": 0.08917236328125,
        "a photo of a tool": 0.8203125
      },
      "apple": {
        "a photo of a hammer": 0.054443359375,
        "a photo of a screwdriver": 0.01007080078125,
        "a photo of a tool": 0.935546875
      },
      "hammer": {
        "a photo of a hammer": 0.331298828125,
        "a photo of a screwdriver": 0.040191650390625,
        "a photo of a tool": 0.62841796875
      }
    },
    "Detailed_Descriptions": {
      "dog": {
        "a photo of a metal hammer with wooden handle": 0.050537109375,
        "a photo of a metal screwdriver with plastic handle": 0.00354766845703125,
        "a photo of a hand tool": 0.94580078125
      },
      "cat": {
        "a photo of a metal hammer with wooden handle": 0.05322265625,
        "a photo of a metal screwdriver with plastic handle": 0.03228759765625,
        "a photo of a hand tool": 0.91455078125
      },
      "screwdriver": {
        "a photo of a metal hammer with wooden handle": 0.0155792236328125,
        "a photo of a metal screwdriver with plastic handle": 0.0645751953125,
        "a photo of a hand tool": 0.919921875
      },
      "banana": {
        "a photo of a metal hammer with wooden handle": 0.010650634765625,
        "a photo of a metal screwdriver with plastic handle": 0.01549530029296875,
        "a photo of a hand tool": 0.9736328125
      },
      "apple": {
        "a photo of a metal hammer with wooden handle": 0.0036468505859375,
        "a photo of a metal screwdriver with plastic handle": 0.0008869171142578125,
        "a photo of a hand tool": 0.99560546875
      },
      "hammer": {
        "a photo of a metal hammer with wooden handle": 0.01380157470703125,
        "a photo of a metal screwdriver with plastic handle": 0.003543853759765625,
        "a photo of a hand tool": 0.982421875
      }
    },
    "Contextual_Prompts": {
      "dog": {
        "a photo of a hammer in a toolbox": 0.74853515625,
        "a photo of a screwdriver in a toolbox": 0.010345458984375,
        "a photo of a tool in a workshop": 0.2410888671875
      },
      "cat": {
        "a photo of a hammer in a toolbox": 0.456787109375,
        "a photo of a screwdriver in a toolbox": 0.1817626953125,
        "a photo of a tool in a workshop": 0.361328125
      },
      "screwdriver": {
        "a photo of a hammer in a toolbox": 0.160400390625,
        "a photo of a screwdriver in a toolbox": 0.73583984375,
        "a photo of a tool in a workshop": 0.10357666015625
      },
      "banana": {
        "a photo of a hammer in a toolbox": 0.1356201171875,
        "a photo of a screwdriver in a toolbox": 0.1314697265625,
        "a photo of a tool in a workshop": 0.73291015625
      },
      "apple": {
        "a photo of a hammer in a toolbox": 0.32763671875,
        "a photo of a screwdriver in a toolbox": 0.114990234375,
        "a photo of a tool in a workshop": 0.55712890625
      },
      "hammer": {
        "a photo of a hammer in a toolbox": 0.320556640625,
        "a photo of a screwdriver in a toolbox": 0.051910400390625,
        "a photo of a tool in a workshop": 0.62744140625
      }
    },
    "Functional_Descriptions": {
      "dog": {
        "a photo of a hammer used for hitting nails": 0.67919921875,
        "a photo of a screwdriver used for turning screws": 0.007720947265625,
        "a photo of a tool used for construction": 0.313232421875
      },
      "cat": {
        "a photo of a hammer used for hitting nails": 0.6533203125,
        "a photo of a screwdriver used for turning screws": 0.236572265625,
        "a photo of a tool used for construction": 0.11004638671875
      },
      "screwdriver": {
        "a photo of a hammer used for hitting nails": 0.89599609375,
        "a photo of a screwdriver used for turning screws": 0.054656982421875,
        "a photo of a tool used for construction": 0.04937744140625
      },
      "banana": {
        "a photo of a hammer used for hitting nails": 0.464599609375,
        "a photo of a screwdriver used for turning screws": 0.2061767578125,
        "a photo of a tool used for construction": 0.329345703125
      },
      "apple": {
        "a photo of a hammer used for hitting nails": 0.2235107421875,
        "a photo of a screwdriver used for turning screws": 0.06610107421875,
        "a photo of a tool used for construction": 0.71044921875
      },
      "hammer": {
        "a photo of a hammer used for hitting nails": 0.26220703125,
        "a photo of a screwdriver used for turning screws": 0.06280517578125,
        "a photo of a tool used for construction": 0.6748046875
      }
    },
    "Multi_Scale_Ensemble": {
      "dog": {
        "a photo of a hammer": 0.94384765625,
        "a photo of a metal hammer": 0.0172882080078125,
        "a photo of a hammer tool": 0.0141143798828125,
        "a photo of a construction hammer": 0.0141143798828125,
        "a photo of a hammer in a toolbox": 0.01049041748046875
      },
      "cat": {
        "a photo of a hammer": 0.71533203125,
        "a photo of a metal hammer": 0.180908203125,
        "a photo of a hammer tool": 0.0543212890625,
        "a photo of a construction hammer": 0.0216064453125,
        "a photo of a hammer in a toolbox": 0.027740478515625
      },
      "screwdriver": {
        "a photo of a hammer": 0.294677734375,
        "a photo of a metal hammer": 0.51708984375,
        "a photo of a hammer tool": 0.09344482421875,
        "a photo of a construction hammer": 0.06524658203125,
        "a photo of a hammer in a toolbox": 0.0294036865234375
      },
      "banana": {
        "a photo of a hammer": 0.73779296875,
        "a photo of a metal hammer": 0.08026123046875,
        "a photo of a hammer tool": 0.1114501953125,
        "a photo of a construction hammer": 0.0625,
        "a photo of a hammer in a toolbox": 0.00782012939453125
      },
      "apple": {
        "a photo of a hammer": 0.445556640625,
        "a photo of a metal hammer": 0.375244140625,
        "a photo of a hammer tool": 0.09783935546875,
        "a photo of a construction hammer": 0.008819580078125,
        "a photo of a hammer in a toolbox": 0.07269287109375
      },
      "hammer": {
        "a photo of a hammer": 0.6376953125,
        "a photo of a metal hammer": 0.223876953125,
        "a photo of a hammer tool": 0.04547119140625,
        "a photo of a construction hammer": 0.0849609375,
        "a photo of a hammer in a toolbox": 0.008087158203125
      }
    }
  },
  "ensemble_results": {
    "dog_hammer": {
      "average": 0.19998931884765625,
      "maximum": 0.89501953125,
      "minimum": 0.00994110107421875,
      "all_scores": [
        0.89501953125,
        0.016387939453125,
        0.057220458984375,
        0.00994110107421875,
        0.0213775634765625
      ]
    },
    "cat_hammer": {
      "average": 0.199993896484375,
      "maximum": 0.497314453125,
      "minimum": 0.019287109375,
      "all_scores": [
        0.497314453125,
        0.125732421875,
        0.321044921875,
        0.019287109375,
        0.036590576171875
      ]
    },
    "screwdriver_hammer": {
      "average": 0.199969482421875,
      "maximum": 0.491455078125,
      "minimum": 0.0279541015625,